-- phpMyAdmin SQL Dump
-- version 4.9.1
-- https://www.phpmyadmin.net/
--
-- 主机： localhost
-- 生成日期： 2023-06-07 15:04:39
-- 服务器版本： 8.0.17
-- PHP 版本： 7.3.10

SET SQL_MODE = "NO_AUTO_VALUE_ON_ZERO";
SET AUTOCOMMIT = 0;
START TRANSACTION;
SET time_zone = "+00:00";


/*!40101 SET @OLD_CHARACTER_SET_CLIENT=@@CHARACTER_SET_CLIENT */;
/*!40101 SET @OLD_CHARACTER_SET_RESULTS=@@CHARACTER_SET_RESULTS */;
/*!40101 SET @OLD_COLLATION_CONNECTION=@@COLLATION_CONNECTION */;
/*!40101 SET NAMES utf8mb4 */;

--
-- 数据库： `big_work_db`
--

-- --------------------------------------------------------

--
-- 表的结构 `auth_group`
--

CREATE TABLE `auth_group` (
  `id` int(11) NOT NULL,
  `name` varchar(150) CHARACTER SET utf8 COLLATE utf8_general_ci NOT NULL
) ENGINE=InnoDB DEFAULT CHARSET=utf8 ROW_FORMAT=DYNAMIC;

-- --------------------------------------------------------

--
-- 表的结构 `auth_group_permissions`
--

CREATE TABLE `auth_group_permissions` (
  `id` int(11) NOT NULL,
  `group_id` int(11) NOT NULL,
  `permission_id` int(11) NOT NULL
) ENGINE=InnoDB DEFAULT CHARSET=utf8 ROW_FORMAT=DYNAMIC;

-- --------------------------------------------------------

--
-- 表的结构 `auth_permission`
--

CREATE TABLE `auth_permission` (
  `id` int(11) NOT NULL,
  `name` varchar(255) CHARACTER SET utf8 COLLATE utf8_general_ci NOT NULL,
  `content_type_id` int(11) NOT NULL,
  `codename` varchar(100) CHARACTER SET utf8 COLLATE utf8_general_ci NOT NULL
) ENGINE=InnoDB DEFAULT CHARSET=utf8 ROW_FORMAT=DYNAMIC;

--
-- 转存表中的数据 `auth_permission`
--

INSERT INTO `auth_permission` (`id`, `name`, `content_type_id`, `codename`) VALUES
(1, 'Can add log entry', 1, 'add_logentry'),
(2, 'Can change log entry', 1, 'change_logentry'),
(3, 'Can delete log entry', 1, 'delete_logentry'),
(4, 'Can view log entry', 1, 'view_logentry'),
(5, 'Can add permission', 2, 'add_permission'),
(6, 'Can change permission', 2, 'change_permission'),
(7, 'Can delete permission', 2, 'delete_permission'),
(8, 'Can view permission', 2, 'view_permission'),
(9, 'Can add group', 3, 'add_group'),
(10, 'Can change group', 3, 'change_group'),
(11, 'Can delete group', 3, 'delete_group'),
(12, 'Can view group', 3, 'view_group'),
(13, 'Can add user', 4, 'add_user'),
(14, 'Can change user', 4, 'change_user'),
(15, 'Can delete user', 4, 'delete_user'),
(16, 'Can view user', 4, 'view_user'),
(17, 'Can add content type', 5, 'add_contenttype'),
(18, 'Can change content type', 5, 'change_contenttype'),
(19, 'Can delete content type', 5, 'delete_contenttype'),
(20, 'Can view content type', 5, 'view_contenttype'),
(21, 'Can add session', 6, 'add_session'),
(22, 'Can change session', 6, 'change_session'),
(23, 'Can delete session', 6, 'delete_session'),
(24, 'Can view session', 6, 'view_session'),
(25, 'Can add Goods', 7, 'add_goods'),
(26, 'Can change Goods', 7, 'change_goods'),
(27, 'Can delete Goods', 7, 'delete_goods'),
(28, 'Can view Goods', 7, 'view_goods'),
(29, 'Can add Order', 8, 'add_order'),
(30, 'Can change Order', 8, 'change_order'),
(31, 'Can delete Order', 8, 'delete_order'),
(32, 'Can view Order', 8, 'view_order'),
(33, 'Can add User', 9, 'add_user'),
(34, 'Can change User', 9, 'change_user'),
(35, 'Can delete User', 9, 'delete_user'),
(36, 'Can view User', 9, 'view_user'),
(37, 'Can add UserBrowse', 10, 'add_userbrowse'),
(38, 'Can change UserBrowse', 10, 'change_userbrowse'),
(39, 'Can delete UserBrowse', 10, 'delete_userbrowse'),
(40, 'Can view UserBrowse', 10, 'view_userbrowse'),
(41, 'Can add UserAddr', 11, 'add_useraddr'),
(42, 'Can change UserAddr', 11, 'change_useraddr'),
(43, 'Can delete UserAddr', 11, 'delete_useraddr'),
(44, 'Can view UserAddr', 11, 'view_useraddr'),
(45, 'Can add OrderDetail', 12, 'add_orderdetail'),
(46, 'Can change OrderDetail', 12, 'change_orderdetail'),
(47, 'Can delete OrderDetail', 12, 'delete_orderdetail'),
(48, 'Can view OrderDetail', 12, 'view_orderdetail');

-- --------------------------------------------------------

--
-- 表的结构 `auth_user`
--

CREATE TABLE `auth_user` (
  `id` int(11) NOT NULL,
  `password` varchar(128) CHARACTER SET utf8 COLLATE utf8_general_ci NOT NULL,
  `last_login` datetime(6) DEFAULT NULL,
  `is_superuser` tinyint(1) NOT NULL,
  `username` varchar(150) CHARACTER SET utf8 COLLATE utf8_general_ci NOT NULL,
  `first_name` varchar(150) CHARACTER SET utf8 COLLATE utf8_general_ci NOT NULL,
  `last_name` varchar(150) CHARACTER SET utf8 COLLATE utf8_general_ci NOT NULL,
  `email` varchar(254) CHARACTER SET utf8 COLLATE utf8_general_ci NOT NULL,
  `is_staff` tinyint(1) NOT NULL,
  `is_active` tinyint(1) NOT NULL,
  `date_joined` datetime(6) NOT NULL
) ENGINE=InnoDB DEFAULT CHARSET=utf8 ROW_FORMAT=DYNAMIC;

-- --------------------------------------------------------

--
-- 表的结构 `auth_user_groups`
--

CREATE TABLE `auth_user_groups` (
  `id` int(11) NOT NULL,
  `user_id` int(11) NOT NULL,
  `group_id` int(11) NOT NULL
) ENGINE=InnoDB DEFAULT CHARSET=utf8 ROW_FORMAT=DYNAMIC;

-- --------------------------------------------------------

--
-- 表的结构 `auth_user_user_permissions`
--

CREATE TABLE `auth_user_user_permissions` (
  `id` int(11) NOT NULL,
  `user_id` int(11) NOT NULL,
  `permission_id` int(11) NOT NULL
) ENGINE=InnoDB DEFAULT CHARSET=utf8 ROW_FORMAT=DYNAMIC;

-- --------------------------------------------------------

--
-- 表的结构 `django_admin_log`
--

CREATE TABLE `django_admin_log` (
  `id` int(11) NOT NULL,
  `action_time` datetime(6) NOT NULL,
  `object_id` longtext CHARACTER SET utf8 COLLATE utf8_general_ci,
  `object_repr` varchar(200) CHARACTER SET utf8 COLLATE utf8_general_ci NOT NULL,
  `action_flag` smallint(5) UNSIGNED NOT NULL,
  `change_message` longtext CHARACTER SET utf8 COLLATE utf8_general_ci NOT NULL,
  `content_type_id` int(11) DEFAULT NULL,
  `user_id` int(11) NOT NULL
) ENGINE=InnoDB DEFAULT CHARSET=utf8 ROW_FORMAT=DYNAMIC;

-- --------------------------------------------------------

--
-- 表的结构 `django_content_type`
--

CREATE TABLE `django_content_type` (
  `id` int(11) NOT NULL,
  `app_label` varchar(100) CHARACTER SET utf8 COLLATE utf8_general_ci NOT NULL,
  `model` varchar(100) CHARACTER SET utf8 COLLATE utf8_general_ci NOT NULL
) ENGINE=InnoDB DEFAULT CHARSET=utf8 ROW_FORMAT=DYNAMIC;

--
-- 转存表中的数据 `django_content_type`
--

INSERT INTO `django_content_type` (`id`, `app_label`, `model`) VALUES
(1, 'admin', 'logentry'),
(7, 'app', 'goods'),
(8, 'app', 'order'),
(12, 'app', 'orderdetail'),
(9, 'app', 'user'),
(11, 'app', 'useraddr'),
(10, 'app', 'userbrowse'),
(3, 'auth', 'group'),
(2, 'auth', 'permission'),
(4, 'auth', 'user'),
(5, 'contenttypes', 'contenttype'),
(6, 'sessions', 'session');

-- --------------------------------------------------------

--
-- 表的结构 `django_migrations`
--

CREATE TABLE `django_migrations` (
  `id` int(11) NOT NULL,
  `app` varchar(255) CHARACTER SET utf8 COLLATE utf8_general_ci NOT NULL,
  `name` varchar(255) CHARACTER SET utf8 COLLATE utf8_general_ci NOT NULL,
  `applied` datetime(6) NOT NULL
) ENGINE=InnoDB DEFAULT CHARSET=utf8 ROW_FORMAT=DYNAMIC;

--
-- 转存表中的数据 `django_migrations`
--

INSERT INTO `django_migrations` (`id`, `app`, `name`, `applied`) VALUES
(1, 'contenttypes', '0001_initial', '2023-06-04 07:29:05.151087'),
(2, 'auth', '0001_initial', '2023-06-04 07:29:05.868195'),
(3, 'admin', '0001_initial', '2023-06-04 07:29:06.124549'),
(4, 'admin', '0002_logentry_remove_auto_add', '2023-06-04 07:29:06.133200'),
(5, 'admin', '0003_logentry_add_action_flag_choices', '2023-06-04 07:29:06.142015'),
(6, 'app', '0001_initial', '2023-06-04 07:29:06.703761'),
(7, 'app', '0002_alter_goods_create_time_alter_order_create_time_and_more', '2023-06-04 07:29:06.721470'),
(8, 'contenttypes', '0002_remove_content_type_name', '2023-06-04 07:29:06.797892'),
(9, 'auth', '0002_alter_permission_name_max_length', '2023-06-04 07:29:06.883551'),
(10, 'auth', '0003_alter_user_email_max_length', '2023-06-04 07:29:06.965097'),
(11, 'auth', '0004_alter_user_username_opts', '2023-06-04 07:29:06.976149'),
(12, 'auth', '0005_alter_user_last_login_null', '2023-06-04 07:29:07.037294'),
(13, 'auth', '0006_require_contenttypes_0002', '2023-06-04 07:29:07.043896'),
(14, 'auth', '0007_alter_validators_add_error_messages', '2023-06-04 07:29:07.054200'),
(15, 'auth', '0008_alter_user_username_max_length', '2023-06-04 07:29:07.073706'),
(16, 'auth', '0009_alter_user_last_name_max_length', '2023-06-04 07:29:07.093700'),
(17, 'auth', '0010_alter_group_name_max_length', '2023-06-04 07:29:07.169703'),
(18, 'auth', '0011_update_proxy_permissions', '2023-06-04 07:29:07.180286'),
(19, 'auth', '0012_alter_user_first_name_max_length', '2023-06-04 07:29:07.200758'),
(20, 'sessions', '0001_initial', '2023-06-04 07:29:07.251286');

-- --------------------------------------------------------

--
-- 表的结构 `django_session`
--

CREATE TABLE `django_session` (
  `session_key` varchar(40) CHARACTER SET utf8 COLLATE utf8_general_ci NOT NULL,
  `session_data` longtext CHARACTER SET utf8 COLLATE utf8_general_ci NOT NULL,
  `expire_date` datetime(6) NOT NULL
) ENGINE=InnoDB DEFAULT CHARSET=utf8 ROW_FORMAT=DYNAMIC;

--
-- 转存表中的数据 `django_session`
--

INSERT INTO `django_session` (`session_key`, `session_data`, `expire_date`) VALUES
('4ea02dhujpjduxokabhzpl7vg9scbqqm', 'eyJ1c2VybmFtZSI6Ilx1NWYyMFx1NGUwOSIsInVzZXJpZCI6Miwicm9sZSI6Mn0:1q5rkE:I4ABytXWAYK6rTtF-lqFGw4Z-Id0XCtpGEQq2SxRQKg', '2023-06-18 17:42:22.017577'),
('uh70iy15b0cvuftsyl0g35cbw7het5yv', 'e30:1q6uQd:JQCd-zXrqS6yayOGyVvf5w4W4eiFF3FLI5IznhSi9cw', '2023-06-21 14:46:27.897055');

-- --------------------------------------------------------

--
-- 表的结构 `t_goods`
--

CREATE TABLE `t_goods` (
  `id` int(11) NOT NULL,
  `code` varchar(20) CHARACTER SET utf8 COLLATE utf8_general_ci NOT NULL,
  `name` varchar(20) CHARACTER SET utf8 COLLATE utf8_general_ci NOT NULL,
  `price` double NOT NULL,
  `stock` int(11) NOT NULL,
  `pic` varchar(200) CHARACTER SET utf8 COLLATE utf8_general_ci NOT NULL,
  `goods_type` varchar(20) CHARACTER SET utf8 COLLATE utf8_general_ci NOT NULL,
  `unit` varchar(10) CHARACTER SET utf8 COLLATE utf8_general_ci NOT NULL,
  `title` varchar(255) CHARACTER SET utf8 COLLATE utf8_general_ci NOT NULL,
  `detail` varchar(2048) CHARACTER SET utf8 COLLATE utf8_general_ci NOT NULL,
  `click_num` int(11) NOT NULL,
  `create_time` datetime(6) DEFAULT NULL,
  `write_time` datetime(6) DEFAULT NULL
) ENGINE=InnoDB DEFAULT CHARSET=utf8 ROW_FORMAT=DYNAMIC;

--
-- 转存表中的数据 `t_goods`
--

INSERT INTO `t_goods` (`id`, `code`, `name`, `price`, `stock`, `pic`, `goods_type`, `unit`, `title`, `detail`, `click_num`, `create_time`, `write_time`) VALUES
(1, 'B042', '车厘子', 21.8, 10, '/goods/goods001.jpg', 'model01', '500g', '草莓浆果柔软多汁，味美爽口，适合速冻保鲜贮藏。草莓速冻后，可以保持原有的色、香、味，既便于贮藏，又便于外销。', '草莓采摘园位于北京大兴区 庞各庄镇四各庄村 ，每年1月-6月面向北京以及周围城市提供新鲜草莓采摘和精品礼盒装草莓，草莓品种多样丰富，个大香甜。所有草莓均严格按照有机标准培育，不使用任何化肥和农药。草莓在采摘期间免洗可以直接食用。欢迎喜欢草莓的市民前来采摘，也欢迎各大单位选购精品有机草莓礼盒，有机草莓礼盒是亲朋馈赠、福利送礼的最佳选择。', 13, '2023-06-04 16:27:47.167543', '2023-06-04 16:27:47.167543'),
(2, 'B043', '芒果', 19.8, 10, '/goods/goods002.jpg', 'model01', '500g', '芒果果实椭圆形或长圆形，果皮为黄色或绿色，被桃红色晕斑所覆盖，果肉为黄色，质地柔软多汁、香甜芳香，含有丰富的营养物质，是一种口感极佳的水果。', '我们的芒果采摘园位于广东省惠州市附近，脱离了城市的浓雾霾，空气清新自然，在这里品尝到的芒果不仅甜度高至28-32度(非转化)，而且更能吃出它作为热带水果的鲜美滋味与口感，那浓郁的香气弥漫在空气中，攻占每个人的味蕾，就连离这里最远的客人也义无反顾的拎起纸盒和塑料袋，用喜欢去珠洲山探脚印的心情在我们的现场采摘台前等待着自己的装满愿望的果实。', 17, '2023-06-05 10:23:57.324335', '2023-06-07 14:30:02.317559'),
(3, 'F005', '龙虾', 128.8, 20, '/goods/goods003.jpg', 'model01', '1kg', '口感鲜美，鲜活味浓，佐餐好滋味。来自渔民直供的海鲜食材，龙虾肉质紧实，营养丰富，脂肪含量低。可烹饪多种美食，如蒜泥白肉、清蒸、煮汤等。', '本店采取生态养殖方式，保证龙虾品质：龙虾宝宝进入池塘后，一个月或三十多天便可以开始收获，饲料选用优质小麦粉和豆粕，每天定时定量投喂，更有定期水质检测，保证龙虾水质透明，环境卫生，口感一流。', 14, '2023-06-04 16:32:08.167543', '2023-06-07 14:30:34.635721'),
(4, 'Y052', '沙拉酱', 16.9, 100, '/goods/goods004.jpg', 'model01', '250ml', '口味独特，香甜可口，作为沙拉中必不可少的调料之一。在调制沙拉时轻松搭配各种蔬菜，还可以安排成不同口味的沙拉，满足你的味蕾。', '本店有着多年的餐饮经验，采用传统配方研制而成，采用100%进口原料制造而成，品质上乘，色泽清雅，滋味鲜美，同时保证卫生和安全。沙拉酱食材丰富，口感细腻，味道浓郁，质地柔软，容易搭配各种蔬菜和水果，是您沙拉制作的完美选择。', 21, '2023-06-04 16:34:53.167543', '2023-06-07 14:30:38.743792'),
(5, 'D026', '黑巧克力', 32.8, 30, '/goods/goods005.jpg', 'model01', '200g', '口感浓郁，口感醇厚，入口即化。黑巧克力是一种富含可可固体和低糖的巧克力，常被作为美食、零食或礼物赠品使用。它具有丰富的营养价值，对人体健康有益。', '本店采用纯正比利时可可粉和深色苦甜型巧克力，以传统手工制成，巧克力中不含任何添加剂，保留了巧克力本身的醇香浓郁和营养成分。产品质量有保证，安全无忧，不含防腐剂和任何添加剂，适合所有年龄段人群食用。', 26, '2023-06-04 16:37:31.167543', '2023-06-07 14:28:17.543928'),
(6, 'H003', '鸡尾酒套装', 68.6, 10, '/goods/goods006.jpg', 'model01', '500ml（共3瓶）', '多种口味搭配，美味可口，集酒水、果汁、冰块于一体的精品美酒。每一款都有着不同的酒味和口感，适合各种不同的人群。', '本店主打精选进口酒原材，遵循橙汁、黄瓜、青柠等自然食材口感更优、更天然的理念，采用一流的酿造工艺，保证每个鸡尾酒都是美味可口，并且制作控制得当，不会让您喝得太醉。让您体验到异国情调的同时，也能品尝到顶级的美味。', 14, '2023-06-04 16:39:51.167543', '2023-06-04 16:39:51.167543'),
(7, 'C032', '波士顿龙虾汤', 58.9, 20, '/goods/goods007.jpg', 'model01', '400g', '香气扑鼻，入口即化，龙虾肉丰富，肉质细腻，回味无穷。这款汤品可以搭配面包和酥皮焗杯享用，或者作为开胃菜佐餐。', '本店采用纯天然新鲜龙虾、秘制配料和独特做法，鲜嫩浓郁，口感扑鼻，让你感受到健康和美味的结合。每个制作工序都采用与众不同的方法，精选优质龙虾原料，让每一口汤品都饱含着浓郁的龙虾味道。', 30, '2023-06-04 16:42:16.167543', '2023-06-04 16:42:16.167543'),
(8, 'M009', '深海鱼露', 29.9, 50, '/goods/goods008.jpg', 'model01', '250ml', '色泽透明，口感鲜美，是菜肴、火锅和汤等调味品的理想选择，味道独特，与众不同。', '本店采用传统的渔米酿制工艺制造而成，选用优质海鲜鱼肉，经过多道制作工序、筛选过滤而成的纯正深海鱼露，不含任何添加剂，无任何负担，口感纯正，味道独特，能够为您的菜肴增添一份美味与浓香。如果您想要尝试做出更加美味且独特的菜肴，那么这款深海鱼露绝对是您不可错过的选择。', 10, '2023-06-04 16:44:45.167543', '2023-06-04 16:44:45.167543'),
(9, 'B043', '沙琪玛', 8.5, 20, '/goods/goods009.jpg', 'model01', '250g', '口感软绵，香甜可口，老少皆宜。适合早餐、下午茶或小食。', '采用上等纯净小麦粉、天然奶酪、零公害配料制作而成的沙琪玛，在经过6次手工折叠、制作而成，呈圆形或长条形。', 14, '2023-06-05 11:48:23.865552', '2023-06-05 11:48:23.865552'),
(10, 'B044', '牛油果', 15.8, 15, '/goods/goods010.jpg', 'model01', '200g', '肥美爽滑，富含健康脂肪酸和各种营养元素。', '优质的牛油果入口即化，所含健康脂肪酸不仅能够美容养颜，还能够保护心血管健康。', 15, '2023-06-05 13:25:45.561219', '2023-06-05 13:25:45.561219'),
(11, 'B045', '酸奶', 5.8, 30, '/goods/goods011.jpg', 'model01', '250g', '口感酸甜适中，清香可口，是健康营养的美味佳品。', '采用优质牛奶酿造而成的酸奶，含有丰富的活性乳酸菌和多种营养元素，具有调节肠道菌群、助消化的功效。', 16, '2023-06-05 17:08:25.779860', '2023-06-05 17:08:25.779860'),
(12, 'B046', '薯片', 9.9, 25, '/goods/goods012.jpg', 'model01', '100g', '外脆内酥，口味独特，爽口开胃，是休闲零食的不二选择。', '采用优质马铃薯和食用油炸制而成的薯片，口感脆爽，含有适量的碳水化合物和纤维素，能够为人体提供能量。', 17, '2023-06-05 20:18:09.447203', '2023-06-05 20:18:09.447203'),
(13, 'B047', '巧克力', 12.8, 18, '/goods/goods013.jpg', 'model01', '100g', '甜度适中，滑溜可口，是甜品茶点的必备品种。', '采用高品质可可粉、牛奶和各类调味料制作而成的巧克力，有丰富的热量和营养物质，可增强人体抗氧化能力。', 18, '2023-06-06 08:16:35.110849', '2023-06-06 08:16:35.110849'),
(14, 'B048', '火腿肠', 10.5, 15, '/goods/goods014.jpg', 'model01', '200g', '酥脆爽口，口感丰富，是早餐或午餐的常备选择。', '采用优质猪肉、淀粉、蛋白酶等原材料制作而成的火腿肠，富含蛋白质和各类营养物质，有利于提高人体免疫力。', 19, '2023-06-06 10:27:46.986170', '2023-06-06 10:27:46.986170'),
(15, 'B049', '雪糕', 6.5, 20, '/goods/goods015.jpg', 'model01', '100g', '冰爽可口，甜度适中，是夏季消暑的不二选择。', '采用优质牛奶、糖和调味料制作而成的雪糕，富含乳制品和碳水化合物，能够为身体提供能量和各种营养元素。', 20, '2023-06-06 12:56:08.024379', '2023-06-06 12:56:08.024379'),
(16, 'B050', '花生酥', 8.8, 25, '/goods/goods016.jpg', 'model01', '250g', '营养丰富，口感酥香，适合早餐、下午茶或小食。', '采用优质花生、麦芽糖和食用油烘焙而成的花生酥，含有较高的蛋白质和各类营养物质，具有滋补作用。', 21, '2023-06-06 15:08:47.498155', '2023-06-06 15:08:47.498155'),
(17, 'B051', '可乐', 4.5, 30, '/goods/goods017.jpg', 'model01', '330mL', '气泡细腻，口感浓郁，是休闲时刻享受的美味佳品。', '采用优质水、二氧化碳、糖和可乐色原料制作而成的可乐，能够为人体提供一定的热量和各种营养元素。', 22, '2023-06-06 18:29:11.982020', '2023-06-06 18:29:11.982020'),
(18, 'B053', '咖啡', 18.5, 25, '/goods/goods018.jpg', 'model01', '100g', '浓郁香醇，口感丰富，是咖啡爱好者们的挚爱。', '采用高品质咖啡豆，通过研磨、冲泡等工艺制作而成的咖啡，含有丰富的咖啡因和多种矿物质，能够提升人体代谢率。', 24, '2023-06-07 09:14:12.189702', '2023-06-07 09:14:12.189702'),
(19, 'B054', '蘑菇罐头', 10.8, 15, '/goods/goods019.jpg', 'model01', '420g', '新鲜美味，营养丰富，适合各种餐点搭配。', '采用优质蘑菇、食用盐和水等原材料，经过高温灭菌处理而成的蘑菇罐头，含有多种维生素和矿物质，对保护眼睛、提高免疫力等方面有着重要作用。', 25, '2023-06-07 10:28:45.720382', '2023-06-07 10:28:45.720382'),
(20, 'B055', '核桃仁', 38.5, 10, '/goods/goods020.jpg', 'model01', '250g', '口感香脆可口，营养丰富，是零食爱好者们喜爱的坚果之一。', '采用上等核桃仁，经过烤制、脱壳等工序加工而成的核桃仁，富含蛋白质、钙、锌、铁等多种营养元素，能够帮助滋补肝肾、清理肠胃。', 26, '2023-06-07 14:59:17.592189', '2023-06-07 14:59:17.592189'),
(21, 'B056', '鸭脖', 22.5, 20, '/goods/goods021.jpg', 'model01', '200g', '香辣可口，适合各种场合的休闲零食。', '采用新鲜鸭肉，经过清洗、腌制、烘烤等工序制作而成的鸭脖，含有丰富的蛋白质和氨基酸，对增强体质、保持身体健康具有重要作用。', 28, '2023-06-08 08:47:23.242029', '2023-06-07 14:28:08.184913'),
(22, 'B043', '缝补衣物', 41, 99, '/goods/goods022.jpg', 'model02', '1件', '专业缝补改衣，位于龙华民治', '专业缝补改衣店，修复各种破损衣物，提供定制服务，量身定制衣物。', 14, '2023-06-05 10:23:57.324335', '2023-06-05 10:23:57.324335'),
(23, 'B044', '相约美丽修改衣服', 39, 99, '/goods/goods023.jpg', 'model02', '1件', '缝补世家, 位于深圳福田区', '这家缝补世家致力于为您修复各种破损衣物，提供专业的缝补改衣服务，让您的衣物焕然一新。', 81, '2023-06-05 14:02:12.324335', '2023-06-05 14:29:05.324335'),
(24, 'B045', '改衣服配钥匙', 38, 99, '/goods/goods024.jpg', 'model02', '1件', '缝补工坊,位于深圳宝安区', '这家缝补工坊拥有专业的裁缝师傅，能够修复各种衣物破损问题，保证衣物完好无缺。', 72, '2023-06-05 12:45:33.324335', '2023-06-05 13:13:29.324335'),
(25, 'B046', '钟阿姨修改衣服店', 42, 99, '/goods/goods025.jpg', 'model02', '1件', '缝补定制店,位于深圳龙岗区', '这家缝补定制店提供专业的缝补和定制服务，修复您的衣物并根据您的需求量身定制出独一无二的服装。', 56, '2023-06-05 10:15:50.324335', '2023-06-05 10:44:01.324335'),
(26, 'B063', '郭记专业服装修改', 42, 99, '/goods/goods026.jpg', 'model02', '1件', '缝补之道,位于深圳龙岗区', '这家缝补之道店汇集了一群技艺高超的裁缝师，他们修复衣物的方法独特，使衣物焕发新的生机和美丽。', 72, '2023-06-05 09:03:21.324335', '2023-06-07 14:31:11.740304'),
(27, 'B047', '业兴服装加工修改店', 37, 99, '/goods/goods027.jpg', 'model02', '1件', '精细缝补,位于深圳罗湖区', '这家缝补店注重细节，精心修复各种破损衣物，使其焕发新生，让您再次享受穿着它们的乐趣。', 45, '2023-06-05 10:14:50.324226', '2023-06-05 10:41:01.324214'),
(28, 'B048', '小燕子·衣物干洗·修改衣服', 40, 99, '/goods/goods028.jpg', 'model02', '1件', '缝补工艺坊,位于深圳盐田区', '这家缝补工艺坊拥有一支技术娴熟的团队，致力于修复和改良各种破损衣物，为您打造完美的着装体验。', 62, '2023-06-05 13:55:28.324335', '2023-06-05 14:23:38.324335'),
(29, 'B049', '修改衣服换拉链', 43, 99, '/goods/goods029.jpg', 'model02', '1件', '缝补之家,位于深圳龙华区', '这家缝补之家以专业的技术和精细的手艺为您修补衣物，使其焕然一新，恢复原本的美丽与完整。', 78, '2023-06-05 16:34:15.324335', '2023-06-05 17:01:45.324335'),
(30, 'B050', '专业缝补衣服', 41, 99, '/goods/goods030.jpg', 'model02', '1件', '缝补专家,位于深圳福田区', '这家缝补专家店拥有多年的经验，能够针对各种衣物问题进行精确修复，为您的衣物延长使用寿命。', 55, '2023-06-05 09:58:50.324335', '2023-06-05 10:27:18.324335'),
(31, 'B062', '修改衣服', 36, 99, '/goods/goods031.jpg', 'model02', '1件', '缝补艺术工坊,位于深圳盐田区', '这家缝补艺术工坊具有精湛的工艺和独特的创意。', 65, '2023-06-05 13:24:50.324315', '2023-06-05 13:51:01.324738'),
(32, 'B051', '娇姨专业修补改衣服', 39, 99, '/goods/goods032.jpg', 'model02', '1件', '缝补艺术坊,位于深圳宝安区', '这家缝补艺术坊将缝补视为一门艺术，通过精心的修复和装饰，为您的衣物注入独特的风格和个性。', 68, '2023-06-05 15:03:21.324335', '2023-06-05 15:30:53.324335'),
(33, 'B052', '青春服装修补店', 42, 99, '/goods/goods033.jpg', 'model02', '1件', '缝补定制工坊,位于深圳龙岗区', '这家缝补定制工坊提供专业的缝补和定制服务，不仅修复破损衣物，还可以根据您的要求定制出符合您个人风格的服装。', 72, '2023-06-05 10:18:50.326534', '2023-06-05 10:46:01.324543'),
(34, 'B053', '专业修改各种服装', 38, 99, '/goods/goods034.jpg', 'model02', '1件', '缝补工作室,位于深圳罗湖区', '这家缝补工作室拥有一支经验丰富的团队，致力于修复和恢复各种衣物，让您的衣物焕发新生。', 66, '2023-06-05 13:11:04.324335', '2023-06-05 13:37:57.324335'),
(35, 'B054', '阿君专业修改服装店', 37, 99, '/goods/goods035.jpg', 'model02', '1件', '缝补之星,位于深圳盐田区', '这家缝补之星店以高效和精确的修补技术闻名，能够修复各种衣物问题，让您的衣物焕然一新。', 58, '2023-06-05 16:02:12.324335', '2023-06-05 16:29:05.324335'),
(36, 'B061', '修改衣服', 37, 99, '/goods/goods036.jpg', 'model02', '1件', '缝补奇才,位于深圳罗湖区', '这家缝补奇才店以其独特的修复技巧和创意装饰而著称，他们能够为您的衣物带来独特的风格和个性。', 65, '2023-06-05 13:27:50.324335', '2023-06-05 13:56:01.324335'),
(37, 'B055', '苏阿姨修改衣服店', 42, 99, '/goods/goods037.jpg', 'model02', '1件', '缝补工匠,位于深圳龙岗区', '这家缝补工匠店由技艺高超的缝纫师组成，他们精心修复各类衣物，使其恢复原有的美观和功能。', 74, '2023-06-05 09:15:50.324335', '2023-06-05 09:44:01.324335'),
(38, 'B056', '秀秀改衣服', 36, 99, '/goods/goods038.jpg', 'model02', '1件', '缝补专营店,位于深圳福田区', '这家缝补专营店拥有专业设备和工艺，能够修复各种破损衣物，为您的衣物焕发新的生命力。', 60, '2023-06-05 11:51:22.324335', '2023-06-05 12:18:29.324335'),
(39, 'B057', '华姐靓靓衣服修改行', 41, 99, '/goods/goods039.jpg', 'model02', '1件', '缝补名匠,位于深圳宝安区', '这家缝补名匠店汇聚了行业顶尖的裁缝师傅，他们修复衣物的技艺精湛，让您的衣物焕然一新。', 65, '2023-06-05 11:50:22.323120', '2023-06-05 12:10:29.324746'),
(40, 'B058', '日兴五金店修改衣服', 40, 99, '/goods/goods040.jpg', 'model02', '1件', '缝补艺术家,位于深圳龙华区', '这家缝补艺术家店将缝补视为一门艺术，他们以创意和技艺修复和装饰衣物，为您打造独特的时尚风格。', 70, '2023-06-05 14:34:15.324335', '2023-06-05 15:01:45.324335'),
(41, 'B059', '缝补衣服纯棉店', 39, 99, '/goods/goods041.jpg', 'model02', '1件', '缝补天才,位于深圳南山区', '这家缝补天才店以其出色的技术和创新的修复方法而闻名，能够修复各种破损衣物，使其焕发新的生命。', 75, '2023-06-05 16:12:22.324335', '2023-06-05 16:39:19.324335'),
(42, 'B060', '修改服装挑裤边换拉链', 38, 99, '/goods/goods042.jpg', 'model02', '1件', '缝补大师,位于深圳福田区', '这家缝补大师店由经验丰富的缝纫师组成，他们修复各类衣物的技术熟练，确保修复效果令人满意。', 80, '2023-06-05 10:45:33.324335', '2023-06-05 11:13:29.324335'),
(43, 'W052', '家用钢卷尺', 15.9, 20, '/goods/goods043.jpg', 'model03', '1', '威力狮钢卷尺公英制高精度卷尺子盒尺7.5m木工测量工具 ', '这款威力狮钢卷尺具有高精度、7.5m超长测量距离的特点，适用于多种场合的测量工作。它不仅采用硬质钢作为主要材料，还具备优秀的抗磨损性能，耐久性强。此外，产品内部配有实用的计算尺和盒尺功能，方便使用者进行各种简单的运算与尺寸判断。无论是木工、建筑、机械等领域，本产品都是您理想的选择，提供及时、准确的测量数据，极大地提高了工作效率。', 103, '2023-06-07 17:51:00.000000', '2023-06-07 17:51:00.000000'),
(44, 'W053', '磨光不锈钢杯子', 25.8, 30, '/goods/goods044.jpg', 'model03', '1', '高品质304不锈钢杯子，磨光表面加工，不易滑手。 ', '这款磨光不锈钢杯子采用高品质304不锈钢材质制造而成，具有一定的韧性与耐腐蚀性，长期使用不易变形、生锈。外表面还经过精细的磨光表面加工，光洁度高，手感舒适不易滑手。体积适中，容量足够，不仅可以用于家居生活，也可随身携带。此外，杯底加厚处理，以增加杯子的稳定性，防止在倾斜时产生不必要的意外。总之，本产品为您带来了高品质的饮水用具，安全健康，值得信赖。', 98, '2023-06-07 17:53:00.000000', '2023-06-07 14:30:42.488816'),
(45, 'W054', '木工锤', 28.9, 30, '/goods/goods045.jpg', 'model03', '1', '木工专用锤子，钢质锤头，手柄舒适耐用。', '这款木工锤是专为木工制作量身定做的，采用优质的钢质材料铸造而成，经过多道工序精细制作。锤头经过特殊强化处理，具有较高的硬度和耐用性，不易变形或者损坏。手柄采用人体工程学设计，夹层装饰使手柄与手掌充分贴合，不易疲劳，强化了使用体验。此外，客户还可根据自身需要进行不同尺寸定制，以满足更好的需求。本产品保证高品质、高效率，稳妥实用，不仅适用于木工工作，还能应用于家庭DIY、维修等相关领域。', 34, '2023-06-07 17:55:00.000000', '2023-06-07 17:55:00.000000'),
(46, 'W055', '全自动测距仪', 3590, 10, '/goods/goods046.jpg', 'model03', '1', '高精度激光全自动测距仪，3D触控显示屏。', '这款全自动测距仪采用激光技术进行长度、面积、体积的三维测量。功能覆盖范围广，精度高达 ±mm。并且采用了高亮度3D触控显示屏，对于数据与图形的显示都能实现无误差。仅需三秒钟便可完成各种测量操作，通过计算机等设备对数据进行导入和处理。此外，该产品还可以轻松地将数据进行传输，以便在其他团队中继续分析和使用。本款全自动测距仪在工程测量、室内装修、设计制作等行业非常适用，具有极强的市场需求。', 68, '2023-06-07 17:57:00.000000', '2023-06-07 17:57:00.000000'),
(47, 'W056', '金属手电筒', 68, 20, '/goods/goods047.jpg', 'model03', '1', '铝合金材质手电筒，德国进口高亮LED灯。', '这款金属手电筒采用优质的航空铝合金材料制作，具有轻盈耐久、抗压防摔、防水抗腐蚀等特点，性价比极高。同时，手电筒配备了德国进口高亮LED灯，采用高透明玻璃镜片，并且设有多种工作模式，可以根据不同需求进行选择和调节。手电筒体积适中，便于携带和使用，有明显的光斑，即使在户外也可应对不同场合的需要。此外，手电筒尾部还配有SOS发出器，可以在遇险时向外界发出求救信号。总之，本产品为您提供强劲而实用的光源，保障您各项活动的照明需求。', 34, '2023-06-07 17:59:00.000000', '2023-06-07 17:59:00.000000'),
(48, 'W057', '方头钳', 35.6, 30, '/goods/goods048.jpg', 'model03', '1', '优质高效工具钳，手柄采用双色注塑工艺。', '这款方头钳采用的是高硬度和高延展性的铬钼钢材质制造而成，该材质表面经过特殊的硬化处理，耐磨损，使用寿命较长。钳面规整、优美，具有一定的剪切力和抓握力，可以应对多种不同需求的夹取操作。钳子手柄采用人体工程学设计，非常符合人体手型，可减轻手部疲劳感和工作强度，同时更加唇、抗老化，耐腐蚀性强。所有手柄均采用双色注塑工艺制造，更具质感和使用效果更佳。本款方头钳可以应用于家庭DIY、机械制造、电路维修、电子通信等行业，非常实用。', 52, '2023-06-07 18:01:00.000000', '2023-06-07 18:01:00.000000'),
(49, 'W058', '多功能鱼钩', 12.3, 50, '/goods/goods049.jpg', 'model03', '1', '高强度不锈钢鱼钩，多功能满足渔业需求。', '这款多功能鱼钩采用高强度304不锈钢材料制造而成，铸钩处理，表面光洁，具有一定的耐磨性和耐腐蚀性。产品整体呈精巧小巧的卡片状，可以将其放入口袋或者钓箱中，方便携带。钩子还配有附加线轮和卡扣装置，便于各种情况下使用，结实可靠。此外，钩子尾部还设计有震动装置，适用于在黑暗环境下使用，提高抓到鱼的概率。整个产品不仅拥有基本的鱼钩功能，还可以进行其他多种用途的操作，例如开瓶器、锯齿切割、锉磨、螺丝刀操作等，非常实用。这款多功能鱼钩可用于渔业、野外探险和各种户外活动，是必备的工具之一。', 101, '2023-06-07 18:02:00.000000', '2023-06-07 18:02:00.000000'),
(50, 'W059', '龙头扳手', 48, 10, '/goods/goods050.jpg', 'model04', '1', '优质合金钢材质龙头扳手，符合GB/T2000标准。', '这款龙头扳手采用的是优质合金钢材料制造，该材质硬度高、抗氧化性能好、结构合理等特点，符合国家GB/T2000标准。产品表面经过粘柄处理，防滑舒适，握持舒适。钳口规整，与液压管接触紧密，不易松脱，可靠性强。在使用过程中，可以调节张紧力度，提高夹持力度，各种规格的扳手可适用于多种管道连接操作。此外，在产品的制造过程中还进行了镀铬处理，提高了表面的防腐耐用、易使用，可以应对各种水管、气管、油管等管道连接及拆卸操作，是家庭和工业使用的不可或缺的工具之一。', 186, '2023-06-07 18:03:00.000000', '2023-06-07 14:31:41.963977'),
(51, 'W060', '电动剃须刀', 299, 7, '/goods/goods051.jpg', 'model05', '1', '高档电动剃须刀，五刀头旋转，智能调节，防水设计。', '这款电动剃须刀采用高档材质制造，厚重坚固，外观风格简约时尚。主剃头配有四个张力盘、五刀头旋转以及精确导板，可以针对不同的肌肤类型、胡子长度和部位进行智能调节，保护皮肤，有效剃掉更多的非洲人发。产品配有强劲的电机，可以带来充足而持久的动力支持，高速，并且在整个使用期间低噪音。此外，产品表面覆盖防水材料，可以在水下进行清洗，在干湿两种环境下都轻松适用。剃须器有多个部件可拆卸和替换，易于清洁和维护，使产品更加经济耐用。这款电动剃须刀还带有贴面修剪器、舒适性保湿技术和符合人体工程学设计的人体手柄，可以在剃须过程中提供更加舒适的使用体验，减轻手部疲劳感。', 55, '2023-06-07 18:03:00.000000', '2023-06-07 14:32:07.553637'),
(52, 'W059', '防护手套', 25.5, 40, '/goods/goods052.jpg', 'model03', '10', '抗磨损九制手套，可重复洗涤。', '这款防护手套采用九制纺织技术，使用耐磨、耐摩擦的超纤维材质制造而成，具有高强度、高柔软度和高吸湿性能，能够提供充分的保护和舒适性。手套左右两侧面都加厚处理，增加手套整体的耐磨度和耐撕裂性，提高使用寿命。手掌部分加入特殊物料处理，提高手套的抓力和防滑性，适用于各种手工制作和维修工作。防护手套简单易用，经反复清洗仍可使用，更加经济实用。', 102, '2023-06-07 18:05:00.000000', '2023-06-07 18:05:00.000000'),
(53, 'W060', '紧凑型钻头', 15, 100, '/goods/goods053.jpg', 'model03', '1', '高效钻孔必备。', '这款紧凑型钻头采用优质合成，经过多道热处理工艺，拥有超强的硬度和耐热性能，非常适合用于各种金属材料的钻孔操作。钻头头部经过特殊设计和研磨，更容易进入材料并准确地进行钻孔，在使用中更加轻松高效。钻头采用精密制造工艺，保证产品的稳定性和使用寿命，是您进行钻孔作业的理想选择。', 78, '2023-06-07 18:07:00.000000', '2023-06-07 18:07:00.000000'),
(54, 'W061', '强力粘合剂', 18, 50, '/goods/goods054.jpg', 'model03', '1', '稳固黏接，牢固有力。', '这款强力粘合剂采用高分子材料配方制成，具有极强的粘接力和抗剪力，能够有效地将各种材料进行黏接。在使用前需要将两面或多面的表面涂上适量的粘合剂，然后加以叠加、施加压力或烘干等操作即可。粘合剂具有优异的耐酸碱、耐水性能，不会因潮湿而失去粘性。在使用后需要及时将瓶口盖紧，以保证粘合剂的质量和使用寿命。', 422, '2023-06-07 18:09:00.000000', '2023-06-07 18:09:00.000000'),
(55, 'W062', '扳手套筒组合', 90, 20, '/goods/goods055.jpg', 'model03', '1', '传动系统维修必备工具。', '这款扳手套筒组合采用高质钢材质制成，经过多道表面处理工艺，具有耐腐蚀、耐磨、硬度高等特点。组合包含多个不同尺寸的扳手套筒和一根可拆卸式扳手柄，能够满足机械、车辆、农业设备等多种维修领域的需要。每个扳手套筒尺寸都标有明确的刻度，便于操作者使用和认识。套筒组合采用模组化设计，方便携带和存储，是您进行传动系统维修的好帮手。', 89, '2023-06-07 18:11:00.000000', '2023-06-07 18:11:00.000000'),
(56, 'W063', '家庭装修清洁工具', 28, 60, '/goods/goods056.jpg', 'model03', '1', '轻松打理家庭卫生。', '这款家庭装修清洁工具包含多个不同功能和形状的清洁工具，如拖把、扫把、挂钩等，均为优质材料制成，经久耐用。拖把使用柔软的纤维材料制成，底部加有超大面积的吸头，能够有效吸附灰尘和污渍，加厚的手柄更加舒适握持，让您轻松完成清洁任务。扫把头部采用特殊尘毛设计，能够吸附细小的灰尘和碎屑，头部与柄体采用可拆卸式设计，方便取下清洗和存储。整个工具组合所需存储空间很小，轻松在家中存放，清洁随需即用。', 85, '2023-06-07 18:13:00.000000', '2023-06-07 18:13:00.000000'),
(57, 'W064', '电动圆锯', 230, 10, '/goods/goods057.jpg', 'model02', '1', '高效锯切，安全实用。', '这款电动圆锯采用优质电机配以锯片，能够快速锯切木材、金属、瓷砖等材料，操作简单高效。电动圆锯具有射线定位功能，确保锯切位置的准确性，可以有效减少测量和调整时间。锯座支承均匀、提供稳定平衡的锯切体验，并内置现代直线导轨技术，帮助您获得最精确的切割结果。电动圆锯采用大面积的粘合式软胶柄，舒适易握，增强了操作者的控制力和操作稳定性。', 79, '2023-06-07 18:15:00.000000', '2023-06-07 14:31:03.295099'),
(58, 'W040', '电工绝缘胶带', 6.5, 200, '/goods/goods058.jpg', 'model03', '1', '电气线路维护必备。', '这款电工绝缘胶带采用特殊的绝缘材料制造而成，经过严格测试和检测，可有效保护电线和元件不受到外部环境的影响。胶带具有较好的柔软性和可塑性，能够完美贴合各种线路形状和曲面。在使用中，只要将胶带绕在需要绝缘的地方并施加适量的压力，就可以达到良好的绝缘效果。胶带还具有优异的耐热、耐电、抗压等性能，在高温、湿度等极端环境下依然具有稳定和持久的性能表现。', 72, '2023-06-07 18:13:00.000000', '2023-06-07 18:13:00.000000'),
(59, 'W039', '高速钢锯片', 12, 80, '/goods/goods059.jpg', 'model03', '1', '金属材料切割利器。', '这款高速钢锯片采用高品质合金材料制造而成，经过精密研磨和特殊处理工艺，锯片表面光洁度高、硬度超强，能够满足各种高精度和高效率的金属切割需求。锯片的刃齿设计非常精致，刀刃更加锋利，可轻松切割各种高硬度、高韧性的金属材料，如铜、铁、不锈钢等。锯片安装简单方便，与普通锯座兼容，使用时请务必佩戴好个人防护装备。锯片具有耐磨、耐腐蚀等优异性能，可重复使用、经济实用。', 96, '2023-06-07 18:15:01.000000', '2023-06-07 18:15:40.000000'),
(60, 'W038', '隔音发泡海绵', 8.5, 150, '/goods/goods060.jpg', 'model03', '1', '减少噪音干扰，提升工作效率。', '这款隔音发泡海绵采用先进的聚氨酯材料制造而成，具有良好的隔音效果和舒适的手感，能够有效降低噪音干扰，提高工作效率。', 45, '2023-06-07 18:15:00.100000', '2023-06-07 18:15:10.000000'),
(61, 'W037', '不锈钢螺栓', 5.5, 300, '/goods/goods061.jpg', 'model03', '1', '高品质不锈钢材质，防锈耐腐蚀。', '该不锈钢螺栓采用高强度不锈钢材料制造，表面经过处理，具有防锈、耐腐蚀等特点，用于机械、汽车和建筑领域。', 70, '2023-06-07 18:15:00.012000', '2023-06-07 18:15:01.000000'),
(62, 'W036', '弹性套管', 9.9, 120, '/goods/goods062.jpg', 'model03', '1', '优质硅胶材料，耐高温和化学腐蚀。', '该弹性套管采用优质硅胶材料制成，具有良好的柔韧性和耐高温、化学腐蚀等性能，适用于家电、电器等领域。', 80, '2023-06-07 18:15:03.000000', '2023-06-07 18:15:04.000000'),
(63, 'W035', 'Z字型弹簧', 0.8, 1000, '/goods/goods063.jpg', 'model03', '1', '高品质钢材，精密加工。', '该Z字型弹簧采用高品质钢材，经过精密加工，具有一定的弹性和承载能力等特点，广泛应用于家具、机械等领域。', 90, '2023-06-07 18:15:05.000000', '2023-06-07 18:15:06.000000'),
(64, 'W034', '气动接头', 12.5, 90, '/goods/goods064.jpg', 'model03', '1', '精密加工，密封性好。', '该气动接头采用铝合金材料，精密加工，具有优异的密封性和耐用性，广泛应用于汽车、军工、航空等领域。', 100, '2023-06-07 18:15:00.000000', '2023-06-07 18:15:00.000090'),
(65, 'W032', '铜扁钉', 2.5, 500, '/goods/goods065.jpg', 'model03', '1', '优质铜材制造，耐腐蚀。', '该铜扁钉采用优质铜材制造，表面经过处理，不易氧化和生锈，具有较好的耐腐蚀性能，适用于建筑、家具等领域。', 110, '2023-06-07 18:15:00.000000', '2023-06-07 18:15:00.000000'),
(66, 'F837', '双金百货开锁换锁店', 36, 99, '/goods/goods066.jpg', 'model04', '1个', '快速开锁，位于深圳罗湖区', '这家快速开锁店位于深圳罗湖区，为您提供快速解锁服务，让您的生活更加便捷。', 70, '2023-06-05 09:50:21.790348', '2023-06-05 10:17:47.201862'),
(67, 'H149', '为民开锁', 35, 99, '/goods/goods067.jpg', 'model04', '1个', '专业开锁，位于深圳南山区', '这家专业开锁店位于深圳南山区，拥有经验丰富的开锁专家，提供高质量的开锁服务。', 73, '2023-06-05 12:32:09.987601', '2023-06-05 12:59:37.389562'),
(68, 'I256', '郭记开锁', 34, 99, '/goods/goods068.jpg', 'model04', '1个', '快捷开锁，位于深圳福田区', '这家快捷开锁店位于深圳福田区，提供快速、可靠的开锁服务，确保您的安全与便利。', 75, '2023-06-05 17:03:11.509217', '2023-06-05 17:30:27.943101'),
(69, 'J460', '东东开锁', 33, 99, '/goods/goods069.jpg', 'model04', '1个', '专业开锁，位于深圳龙岗区', '这家专业开锁店位于深圳龙岗区，技术精湛，为您提供高质量的开锁服务。', 70, '2023-06-05 09:26:51.478203', '2023-06-05 09:54:18.854891'),
(70, 'K678', '精通开锁', 32, 99, '/goods/goods070.jpg', 'model04', '1个', '快速开锁，位于深圳宝安区', '这家快速开锁店位于深圳宝安区，提供快速解锁服务，让您迅速恢复正常出入。', 73, '2023-06-05 12:12:35.983557', '2023-06-05 12:39:52.328963'),
(71, 'A971', '达安卫智能锁业', 16, 99, '/goods/goods071.jpg', 'model04', '1个', '快速开锁，位于深圳宝安区', '这家快速开锁店位于深圳宝安区，提供快速解锁服务，确保您安全进出。', 112, '2023-06-06 13:48:21.628204', '2023-06-06 14:15:46.759285'),
(72, 'M957', '廖记锁业开锁服务中心', 30, 99, '/goods/goods072.jpg', 'model04', '1个', '快捷开锁，位于深圳盐田区', '这家快捷开锁店位于深圳盐田区，提供快速解锁服务，让您快速进入您的房屋或车辆。', 76, '2023-06-05 15:45:33.657104', '2023-06-05 16:12:59.934512'),
(73, 'N520', '顺意开锁', 29, 99, '/goods/goods073.jpg', 'model04', '1个', '专业开锁，位于深圳龙华区', '这家专业开锁店位于深圳龙华区，拥有经验丰富的开锁技师，为您提供专业可靠的开锁服务。', 79, '2023-06-05 18:23:47.438203', '2023-06-05 18:51:12.857891'),
(74, 'O492', '常盛开锁', 28, 99, '/goods/goods074.jpg', 'model04', '1个', '快速开锁，位于深圳福田区', '这家快速开锁店位于深圳福田区，快速响应，为您解决各类开锁需求，让您无忧进出。', 82, '2023-06-05 20:01:17.628204', '2023-06-05 20:28:42.759285'),
(75, 'P794', '怡康五金电器开锁换锁指纹锁', 27, 99, '/goods/goods075.jpg', 'model04', '1个', '专业开锁，位于深圳南山区', '这家专业开锁店位于深圳南山区，提供专业的开锁服务，为您解决各类开锁难题。', 85, '2023-06-05 22:18:31.628204', '2023-06-05 22:45:56.759285'),
(76, 'Q643', '深鹏开锁', 26, 99, '/goods/goods076.jpg', 'model04', '1个', '快速开锁，位于深圳龙岗区', '这家快速开锁店位于深圳龙岗区，迅速响应您的需求，确保您的安全与便利。', 88, '2023-06-05 23:57:41.628204', '2023-06-06 00:25:06.759285'),
(77, 'B682', '荣声开锁换锁服务部', 15, 99, '/goods/goods077.jpg', 'model04', '1个', '专业开锁，位于深圳罗湖区', '这家专业开锁店位于深圳罗湖区，拥有经验丰富的开锁技师，为您提供高质量的开锁服务。', 115, '2023-06-06 15:22:31.628204', '2023-06-06 15:49:56.759285'),
(78, 'S572', '彪龙开锁换锁', 24, 99, '/goods/goods078.jpg', 'model04', '1个', '专业开锁，位于深圳罗湖区', '这家专业开锁店位于深圳罗湖区，拥有经验丰富的开锁技师，为您提供高质量的开锁服务。', 91, '2023-06-06 01:34:11.628204', '2023-06-06 02:01:36.759285'),
(79, 'T991', '宝龙黄记开锁', 23, 99, '/goods/goods079.jpg', 'model04', '1个', '快捷开锁，位于深圳福田区', '这家快捷开锁店位于深圳福田区，提供快速、可靠的开锁服务，让您安全进入您的房屋或车辆。', 94, '2023-06-06 03:11:21.628204', '2023-06-06 03:38:46.759285'),
(80, 'U269', '锁友开锁', 22, 99, '/goods/goods080.jpg', 'model04', '1个', '专业开锁，位于深圳南山区', '这家专业开锁店位于深圳南山区，专业解决各类开锁问题，为您提供优质的服务体验。', 97, '2023-06-06 04:48:31.628204', '2023-06-06 05:15:56.759285'),
(81, 'V408', '开锁复印', 21, 99, '/goods/goods081.jpg', 'model04', '1个', '快速开锁，位于深圳龙华区', '这家快速开锁店位于深圳龙华区，快速响应您的需求，确保您的安全与便利。', 100, '2023-06-06 06:57:41.628204', '2023-06-06 07:25:06.759285'),
(82, 'W725', '锁天下开锁服务有限公司', 20, 99, '/goods/goods082.jpg', 'model04', '1个', '专业开锁，位于深圳福田区', '这家专业开锁店位于深圳福田区，拥有经验丰富的开锁专家，为您提供高质量的开锁服务。', 103, '2023-06-06 08:46:51.628204', '2023-06-06 09:14:16.759285'),
(83, 'C307', '徐记干洗开锁换锁', 14, 99, '/goods/goods083.jpg', 'model04', '1个', '快捷开锁，位于深圳福田区', '这家快捷开锁店位于深圳福田区，提供快速、可靠的开锁服务，让您安全进入您的房屋或车辆。', 118, '2023-06-06 16:57:41.628204', '2023-06-06 17:25:06.759285'),
(84, 'Y573', '深圳市联顺开锁服务有限公司', 18, 99, '/goods/goods084.jpg', 'model04', '1个', '快捷开锁，位于深圳南山区', '这家快捷开锁店位于深圳南山区，提供快速可靠的开锁服务，让您迅速恢复正常进出。', 106, '2023-06-06 10:35:01.628204', '2023-06-06 11:02:26.759285'),
(85, 'Z198', '纤手开锁(宝源路店)', 17, 99, '/goods/goods085.jpg', 'model04', '1个', '专业开锁，位于深圳福田区', '这家专业开锁店位于深圳福田区，为您提供专业的开锁服务，解决各类开锁难题。', 109, '2023-06-06 12:14:11.628204', '2023-06-06 12:41:36.759285'),
(86, 'F482', '咖啡机', 200, 88, '/goods/goods086.jpg', 'model05', '1个', '精品咖啡机', '这款精品咖啡机采用高品质材料制造，具有自动研磨、冲泡和蒸汽功能，可轻松制作出浓郁美味的咖啡。简约时尚的外观设计，适合家庭和办公室使用。', 76, '2023-06-06 22:42:16.628204', '2023-06-06 23:09:41.759285'),
(87, 'G631', '空气净化器', 350, 88, '/goods/goods087.jpg', 'model05', '1个', '智能空气净化器', '这款智能空气净化器采用高效过滤技术，能够有效去除室内的灰尘、花粉和异味。具有智能调节模式和定时功能，让您的室内空气清新健康。适用于家庭、办公室和工作室等场所。', 80, '2023-06-07 00:14:26.628204', '2023-06-07 14:28:36.641043'),
(88, 'H795', '电风扇', 80, 88, '/goods/goods088.jpg', 'model05', '1个', '便携式电风扇', '这款便携式电风扇体积小巧，携带方便，可以为您提供清凉的风扇效果。具有多档调速和摇头功能，适用于家庭、办公室和旅行使用。让您在炎热的夏天保持舒适。', 82, '2023-06-07 01:31:36.628204', '2023-06-07 01:59:01.759285'),
(89, 'I186', '吸尘器', 150, 88, '/goods/goods089.jpg', 'model05', '1个', '强力吸尘器', '这款强力吸尘器具有高功率吸力和多功能配件，能够彻底清洁地板、地毯和家具等各种表面。噪音低、过滤效果好，为您打造一个清洁舒适的居家环境。', 85, '2023-06-07 02:47:46.628204', '2023-06-07 03:15:11.759285'),
(90, 'DD91', '电动剃须刀', 90, 88, '/goods/goods090.jpg', 'model05', '1个', '旋转式电动剃须刀', '这款旋转式电动剃须刀采用高速旋转刀头，能够轻松刮除胡须，让您拥有清爽的剃须体验。具有可洗刀头和快速充电功能，适用于家庭和旅行使用。让您始终保持整洁的形象。', 142, '2023-06-08 10:33:56.628204', '2023-06-08 11:01:21.759285'),
(91, 'K324', '电饭煲', 120, 88, '/goods/goods091.jpg', 'model05', '1个', '智能电饭煲', '这款智能电饭煲具有多种烹饪模式，可以轻松煮出美味的米饭、粥和煮饭菜品。具有定时功能和保温功能，让您享受方便快捷的饮食体验。适用于家庭和学生宿舍等场所。', 88, '2023-06-07 04:04:56.628204', '2023-06-07 04:32:21.759285'),
(92, 'L857', '保温杯', 30, 88, '/goods/goods092.jpg', 'model05', '1个', '时尚保温杯', '这款时尚保温杯采用高品质不锈钢材料，具有良好的保温效果，可以保持冷热饮料的温度。轻巧便携，适合办公室、户外和旅行使用。让您随时享受热饮和冷饮。', 91, '2023-06-07 05:22:06.628204', '2023-06-07 05:49:31.759285'),
(93, 'M210', '空气加湿器', 60, 88, '/goods/goods093.jpg', 'model05', '1个', '静音空气加湿器', '这款静音空气加湿器采用超声波技术，能够有效增加室内湿度，改善干燥的空气环境。具有可调节湿度和定时功能，适用于卧室、办公室和婴儿房等场所。', 94, '2023-06-07 07:07:16.628204', '2023-06-07 07:34:41.759285'),
(94, 'N693', '烤箱', 300, 88, '/goods/goods094.jpg', 'model05', '1个', '多功能烤箱', '这款多功能烤箱具有烘烤、烧烤和蒸煮等多种烹饪模式，能够满足您的各种烹饪需求。具有温度调节和定时功能，让您轻松制作出美味的烘焙食品。适用于家庭和烘焙爱好者。', 97, '2023-06-07 08:32:26.628204', '2023-06-07 10:26:01.000000'),
(95, 'A482', '电动牙刷', 50, 88, '/goods/goods095.jpg', 'model05', '1个', '震动电动牙刷', '这款震动电动牙刷采用高速震动技术，能够彻底清洁牙齿，有效去除牙菌斑。具有多档调节和定时功能，让您拥有健康洁净的口腔。适用于家庭和旅行使用。', 100, '2023-06-07 09:59:36.628204', '2023-06-07 10:26:01.759285'),
(96, 'P239', '洗碗机', 400, 88, '/goods/goods096.jpg', 'model05', '1个', '智能洗碗机', '这款智能洗碗机能够自动清洗碗碟、餐具和锅具，省时省力。具有多种洗涤模式和节能功能，让您享受干净整洁的餐具。适用于家庭和餐饮场所。', 103, '2023-06-07 11:25:46.628204', '2023-06-07 11:53:11.759285'),
(97, 'Q586', '挂烫机', 80, 88, '/goods/goods097.jpg', 'model05', '1个', '便携式挂烫机', '这款便携式挂烫机体积小巧，携带方便，可以快速熨平衣物。具有多档调节和防止干烧功能，适用于家庭和旅行使用。让您的衣物时刻保持整洁。', 106, '2023-06-07 13:05:56.628204', '2023-06-07 13:33:21.759285'),
(98, 'R958', '料理机', 150, 88, '/goods/goods098.jpg', 'model05', '1个', '多功能料理机', '这款多功能料理机具有搅拌、切割和研磨等多种功能，能够快速完成食材的加工。具有可调节速度和定时功能，适用于家庭和厨房使用。让您轻松制作美味佳肴。', 109, '2023-06-07 14:32:06.628204', '2023-06-07 14:59:31.759285'),
(99, 'BB43', '电热毯', 80, 88, '/goods/goods099.jpg', 'model05', '1个', '舒适电热毯', '这款舒适电热毯采用柔软的材质，能够提供温暖和舒适的睡眠体验。具有多档调节和定时功能，适用于冬季使用。让您在寒冷的天气中保持温暖。', 136, '2023-06-08 07:59:36.628204', '2023-06-08 08:26:01.759285'),
(100, 'T726', '洗衣机', 350, 88, '/goods/goods100.jpg', 'model05', '1个', '智能洗衣机', '这款智能洗衣机具有多种洗涤程序和智能感知技术，能够根据衣物类型和污渍程度自动调整洗涤参数，让您的衣物得到更好的清洁效果。具有快速洗涤和节能功能，适用于家庭和公共场所。', 113, '2023-06-07 16:09:16.628204', '2023-06-07 14:39:44.584762'),
(101, 'U431', '电磁炉', 80, 88, '/goods/goods101.jpg', 'model05', '1个', '便携式电磁炉', '这款便携式电磁炉采用先进的电磁加热技术，能够快速均匀地加热食物。具有多档调节和定时功能，适用于家庭和旅行使用。让您随时享受美食的烹饪乐趣。', 115, '2023-06-07 17:24:26.628204', '2023-06-07 17:51:51.759285'),
(102, 'V198', '电热水壶', 40, 88, '/goods/goods102.jpg', 'model05', '1个', '迷你电热水壶', '这款迷你电热水壶体积小巧，适合个人使用。具有快速加热和自动断电保护功能，让您轻松煮沸水。适用于家庭、办公室和旅行使用。让您随时享受热饮。', 118, '2023-06-07 19:39:36.628204', '2023-06-07 20:06:01.759285'),
(103, 'W552', '料理机', 150, 88, '/goods/goods103.jpg', 'model05', '1个', '多功能料理机', '这款多功能料理机具有搅拌、切割和研磨等多种功能，能够快速完成食材的加工。具有可调节速度和定时功能，适用于家庭和厨房使用。让您轻松制作美味佳肴。', 121, '2023-06-07 21:56:46.628204', '2023-06-07 22:24:11.759285'),
(104, 'AA95', '榨汁机', 70, 88, '/goods/goods104.jpg', 'model05', '1个', '家用榨汁机', '这款家用榨汁机能够轻松榨取水果和蔬菜的汁液，保留营养成分。具有多种榨汁模式和防滴设计，适用于家庭和健康饮品店。让您随时享受新鲜美味的果汁。', 133, '2023-06-08 05:42:26.628204', '2023-06-08 06:09:51.759285'),
(105, 'GG52', '吹风机', 60, 88, '/goods/goods105.jpg', 'model05', '1个', '负离子吹风机', '这款负离子吹风机能够快速干燥和造型头发，减少静电和损伤。具有多档风速和温度控制，适用于家庭和美容沙龙使用。让您拥有柔顺亮丽的发型。', 152, '2023-06-08 15:24:26.628204', '2023-06-07 14:39:53.939829'),
(106, 'HH23', '微波炉', 120, 88, '/goods/goods106.jpg', 'model05', '1个', '家用微波炉', '这款家用微波炉能够快速加热和解冻食物，方便快捷。具有多种预设菜单和定时功能，适用于家庭和办公室使用。让您轻松享用热乎乎的美食。', 154, '2023-06-08 17:39:36.628204', '2023-06-08 18:06:01.759285'),
(107, 'O001', '土鸡', 50, 10, '/goods/goods107.jpg', 'model06', '500g', '自家养殖，天然跑山鸡', '肉质鲜美，口感劲道，有机食品无添加，红烧炖汤皆宜', 78, '2023-06-07 19:27:47.167543', '2023-06-07 16:27:47.167543'),
(108, 'O002', '番茄', 5, 100, '/goods/goods108.jpg', 'model06', '500g', '新鲜蔬菜，口感爽脆', '富含维生素C和番茄红素，美容养颜，助消化', 98, '2023-06-07 19:30:00.000000', '2023-06-07 16:30:00.000000'),
(109, 'O003', '黄瓜', 3, 200, '/goods/goods109.jpg', 'model06', '500g', '新鲜蔬菜，口感清爽', '含有丰富的营养物质，助降压去火，减肥美容', 90, '2023-06-07 19:32:14.000000', '2023-06-07 14:30:47.791859'),
(110, 'O004', '西葫芦', 4.5, 150, '/goods/goods110.jpg', 'model06', '500g', '新鲜蔬菜，口感清爽', '含有丰富的膳食纤维、多种维生素及微量元素，利尿解毒，降低胆固醇', 81, '2023-06-07 19:35:27.000000', '2023-06-07 14:32:18.374270'),
(111, 'O005', '鲷鱼', 25, 30, '/goods/goods111.jpg', 'model06', '400g', '新鲜鱼类，肉质细嫩', '含有高蛋白、不饱和脂肪酸等多种营养物质，适合清蒸煮汤', 85, '2023-06-07 19:38:39.000000', '2023-06-07 16:38:39.000000'),
(112, 'O006', '黄鳝', 60, 20, '/goods/goods112.jpg', 'model06', '500g', '新鲜水产，口感鲜美', '蛋白质含量高，易于消化吸收，适合烧烤或者红烧', 90, '2023-06-07 19:41:52.000000', '2023-06-07 16:41:52.000000'),
(113, 'O007', '猪肉', 15, 80, '/goods/goods113.jpg', 'model06', '1kg', '当地优质猪肉，肉质鲜美', '富含蛋白质和营养物质，红烧炖汤煮粥皆可', 92, '2023-06-07 19:45:05.000000', '2023-06-07 16:45:05.000000'),
(114, 'O008', '鸡肉', 18, 70, '/goods/goods114.jpg', 'model06', '800g', '农家鸡肉，味道鲜美', '是富含蛋白质和营养物质，白切鸡或者红烧鸡皆可。', 89, '2023-06-07 19:48:18.000000', '2023-06-07 16:48:18.000000'),
(115, 'O009', '鸟儿', 88, 5, '/goods/goods115.jpg', 'model06', '1kg', '当地野生鸟儿，难得一见', '适合红烧或者煲汤，肉质鲜美，口感极佳', 98, '2023-06-07 19:51:31.000000', '2023-06-07 16:51:31.000000'),
(116, 'O010', '鸭肉', 23, 60, '/goods/goods116.jpg', 'model06', '1kg', '养殖鸭肉，味道鲜美', '富含蛋白质和多种营养物质，适合烧鸭或者清蒸', 90, '2023-06-07 19:54:44.000000', '2023-06-07 16:54:44.000000'),
(117, 'O011', '生菜', 2.5, 300, '/goods/goods117.jpg', 'model06', '500g', '新鲜蔬菜，用于凉拌', '可做生菜包或者凉拌生菜，有利于消化保健', 95, '2023-06-07 19:57:57.000000', '2023-06-07 16:57:57.000000'),
(118, 'O012', '菠菜', 4, 200, '/goods/goods118.jpg', 'model06', '500g', '新鲜蔬菜，可炒亦可煮', '富含多种营养物质，助排毒减肥，适合煮汤或者炒菜', 88, '2023-06-07 20:01:10.000000', '2023-06-07 17:01:10.000000'),
(119, 'O013', '豆腐', 2.5, 300, '/goods/goods119.jpg', 'model06', '500g', '新鲜豆制品，口感细腻', '富含大量优质蛋白质和营养物质，适合做烧豆腐或者清蒸', 93, '2023-06-07 20:04:23.000000', '2023-06-07 17:04:23.000000'),
(120, 'O014', '白菜', 1.5, 400, '/goods/goods120.jpg', 'model06', '1kg', '新鲜蔬菜，可炖或者炒', '含有多种膳食纤维和维生素，降低胆固醇、增强免疫力', 85, '2023-06-07 20:07:36.000000', '2023-06-07 17:07:36.000000'),
(121, 'O015', '带鱼', 35, 20, '/goods/goods121.jpg', 'model06', '500g', '新鲜鱼类，肉质鲜美', '富含优质蛋白质和必需脂肪酸，适合清蒸或者红烧', 88, '2023-06-07 20:10:49.000000', '2023-06-07 17:10:49.000000'),
(122, 'O016', '秋刀鱼', 28, 25, '/goods/goods122.jpg', 'model06', '400g', '新鲜鱼类，清脆可口', '富含维生素和不饱和脂肪酸等多种营养物质，适合煎或者烤', 92, '2023-06-07 20:14:02.000000', '2023-06-07 17:14:02.000000'),
(123, 'O017', '虾仁', 45, 50, '/goods/goods123.jpg', 'model06', '500g', '新鲜海鲜，口感鲜美', '富含蛋白质和微量元素等营养物质，适合烧虾仁或者做海鲜沙拉', 96, '2023-06-07 20:17:15.000000', '2023-06-07 17:17:15.000000'),
(124, 'O018', '青蟹', 28, 30, '/goods/goods124.jpg', 'model06', '500g', '新鲜海鲜，营养丰富', '富含多种氨基酸和矿物质，肉质鲜美，适合清蒸或者红烧', 90, '2023-06-07 20:20:28.000000', '2023-06-07 17:20:28.000000'),
(125, 'O019', '帝王蟹', 200, 5, '/goods/goods125.jpg', 'model06', '1只', '珍贵海鲜，美味可口', '肉质丰满鲜美，富含多种营养物质，是高档家庭宴客的不二之选', 98, '2023-06-07 20:23:41.000000', '2023-06-07 17:23:41.000000'),
(126, 'O020', '龙虾', 78, 10, '/goods/goods126.jpg', 'model06', '1只', '新鲜海鲜，肉质鲜美', '肉质细腻鲜美，富含多种营养物质，适合清蒸或者烤龙虾', 95, '2023-06-07 20:26:54.000000', '2023-06-07 17:26:54.000000'),
(127, 'O021', '鸡胸肉', 25, 100, '/goods/goods127.jpg', 'model06', '1kg', '低脂高蛋白，营养健康', '含有丰富的蛋白质和矿物质，适合烤着吃或者用来制作沙拉', 99, '2023-06-07 20:30:07.000000', '2023-06-07 17:30:07.000000'),
(128, 'O022', '金枪鱼罐头', 18, 50, '/goods/goods128.jpg', 'model06', '250g', '营养丰富方便食用', '富含多种营养物质，罐头打开即可食用，方便又美味', 97, '2023-06-07 20:33:20.000000', '2023-06-07 17:33:20.000000'),
(129, 'O023', '鸭腿', 38, 80, '/goods/goods129.jpg', 'model06', '500g', '有嚼头，口感丰富', '肉质鲜美，含有丰富的蛋白质和矿物质，适合用来烤着吃或红烧', 95, '2023-06-07 20:36:33.000000', '2023-06-07 17:36:33.000000'),
(130, 'O024', '三文鱼', 68, 20, '/goods/goods130.jpg', 'model06', '1kg', '肉质鲜美，富含营养物质', '含有丰富的蛋白质和Omega-3脂肪酸等，适合烤着吃或做寿司', 98, '2023-06-07 20:39:46.000000', '2023-06-07 17:39:46.000000'),
(131, 'O025', '葡萄柚', 8.9, 200, '/goods/goods131.jpg', 'model06', '1kg', '果肉口感清爽，健康美味', '含有丰富的维生素C和果酸，有助于美白养颜和促进消化道健康', 99, '2023-06-07 20:43:59.000000', '2023-06-07 17:43:59.000000');

-- --------------------------------------------------------

--
-- 表的结构 `t_order`
--

CREATE TABLE `t_order` (
  `id` int(11) NOT NULL,
  `order_no` varchar(64) CHARACTER SET utf8 COLLATE utf8_general_ci NOT NULL,
  `order_amount` int(11) NOT NULL,
  `discount_amount` int(11) NOT NULL,
  `pay_amount` int(11) NOT NULL,
  `pay_time` datetime(6) NOT NULL,
  `pay_mode` int(11) NOT NULL,
  `pay_status` int(11) NOT NULL,
  `receive_name` varchar(20) CHARACTER SET utf8 COLLATE utf8_general_ci NOT NULL,
  `receive_phone` varchar(11) CHARACTER SET utf8 COLLATE utf8_general_ci NOT NULL,
  `receive_addr` varchar(128) CHARACTER SET utf8 COLLATE utf8_general_ci NOT NULL,
  `postcode` varchar(10) CHARACTER SET utf8 COLLATE utf8_general_ci NOT NULL,
  `create_time` datetime(6) DEFAULT NULL,
  `write_time` datetime(6) DEFAULT NULL,
  `user_id` int(11) NOT NULL
) ENGINE=InnoDB DEFAULT CHARSET=utf8 ROW_FORMAT=DYNAMIC;

--
-- 转存表中的数据 `t_order`
--

INSERT INTO `t_order` (`id`, `order_no`, `order_amount`, `discount_amount`, `pay_amount`, `pay_time`, `pay_mode`, `pay_status`, `receive_name`, `receive_phone`, `receive_addr`, `postcode`, `create_time`, `write_time`, `user_id`) VALUES
(1, '2092223422', 176, 0, 176, '2023-06-04 17:37:35.000000', 1, 1, '张老师', '13099988765', '深圳市坪山区学校', '132232', '2023-06-04 17:38:13.000000', '2023-06-04 17:38:15.000000', 2),
(2, '1685887299', 99, 0, 111, '2023-06-04 14:01:39.000000', 1, 1, '赵老师', '12048724432', '的大V发布洒洒大V发布上传', '333222', '2023-06-04 14:01:27.569841', '2023-06-04 14:01:41.046647', 2),
(3, '1685887597', 156, 0, 168, '2023-06-04 14:06:37.000000', 1, 1, '赵老师', '12048724432', '的大V发布洒洒大V发布上传', '333222', '2023-06-04 14:04:12.335388', '2023-06-04 14:06:37.224961', 2),
(4, '1685890876', 89, 0, 101, '2023-06-04 15:01:16.000000', 1, 1, '张三风', '13098760982', '深圳市坪山区大东城2期东门', '847213', '2023-06-04 15:00:31.564484', '2023-06-04 15:01:16.599906', 2),
(5, '1685892819', 136, 0, 148, '2023-06-04 15:33:39.000000', 1, 1, '张三风', '13098760982', '深圳市坪山区大东城2期东门', '847213', '2023-06-04 15:33:35.307002', '2023-06-04 15:33:39.844023', 2),
(6, '1685892891', 574, 0, 586, '2023-06-04 15:34:51.000000', 1, 1, '张三风', '13098760982', '深圳市坪山区大东城2期东门', '847213', '2023-06-04 15:33:35.307002', '2023-06-04 15:34:51.099481', 2),
(7, '1685893477', 78, 0, 90, '2023-06-04 15:44:37.000000', 1, 1, '张三风', '13098760982', '深圳市坪山区大东城2期东门', '847213', '2023-06-04 15:33:35.307002', '2023-06-04 15:44:37.575942', 2),
(8, '1685893653', 2, 0, 14, '2023-06-04 15:47:33.000000', 1, 1, '张三风', '13098760982', '深圳市坪山区大东城2期东门', '847213', '2023-06-04 15:47:33.317282', '2023-06-04 15:47:33.317282', 2),
(9, '1686148277', 42, 0, 54, '2023-06-07 14:31:17.000000', 1, 2, '陈燕君', '15875446550', '深圳技术大学', '111111', '2023-06-07 14:31:17.000000', '2023-06-07 14:31:24.435381', 3),
(10, '1686148340', 5, 0, 17, '2023-06-07 14:32:20.000000', 1, 1, '陈燕君', '15875446550', '深圳技术大学', '111111', '2023-06-07 14:32:20.000000', '2023-06-07 14:32:20.776354', 3);

-- --------------------------------------------------------

--
-- 表的结构 `t_order_detail`
--

CREATE TABLE `t_order_detail` (
  `id` int(11) NOT NULL,
  `buy_num` int(11) NOT NULL,
  `goods_price` double NOT NULL,
  `goods_id` int(11) NOT NULL,
  `order_id` int(11) NOT NULL
) ENGINE=InnoDB DEFAULT CHARSET=utf8 ROW_FORMAT=DYNAMIC;

--
-- 转存表中的数据 `t_order_detail`
--

INSERT INTO `t_order_detail` (`id`, `buy_num`, `goods_price`, `goods_id`, `order_id`) VALUES
(1, 2, 88, 2, 1),
(2, 10, 9.9, 18, 2),
(3, 2, 78, 12, 3),
(4, 3, 29.9, 11, 4),
(5, 2, 19.8, 4, 5),
(6, 2, 39, 10, 5),
(7, 2, 9.5, 17, 5),
(8, 8, 70, 9, 6),
(9, 5, 2.98, 33, 6),
(10, 2, 39, 10, 7),
(11, 1, 2.98, 37, 8),
(12, 1, 42, 26, 9),
(13, 1, 4.5, 110, 10);

-- --------------------------------------------------------

--
-- 表的结构 `t_user`
--

CREATE TABLE `t_user` (
  `id` int(11) NOT NULL,
  `username` varchar(32) CHARACTER SET utf8 COLLATE utf8_general_ci NOT NULL,
  `password` varchar(128) CHARACTER SET utf8 COLLATE utf8_general_ci NOT NULL,
  `role` int(11) NOT NULL,
  `email` varchar(32) CHARACTER SET utf8 COLLATE utf8_general_ci NOT NULL,
  `create_time` datetime(6) DEFAULT NULL,
  `write_time` datetime(6) DEFAULT NULL,
  `last_login` datetime(6) DEFAULT NULL
) ENGINE=InnoDB DEFAULT CHARSET=utf8 ROW_FORMAT=DYNAMIC;

--
-- 转存表中的数据 `t_user`
--

INSERT INTO `t_user` (`id`, `username`, `password`, `role`, `email`, `create_time`, `write_time`, `last_login`) VALUES
(1, 'admin', '21232f297a57a5a743894a0e4a801fc3', 1, 'admin@qq.com', '2023-06-04 15:31:14.000000', '2023-06-07 14:28:05.026923', '2023-06-07 14:28:05.026923'),
(2, '张三', '96e79218965eb72c92a549dd5a330112', 2, 'zhangsan@qq.com', '2023-06-04 17:42:22.005608', '2023-06-04 17:42:22.005608', '2023-06-04 17:42:22.005608'),
(3, 'root', 'aabb2100033f0352fe7458e412495148', 2, 'qq@qq.com', '2023-06-07 14:29:17.000000', '2023-06-07 14:30:01.372302', '2023-06-07 14:30:01.372302');

-- --------------------------------------------------------

--
-- 表的结构 `t_user_addr`
--

CREATE TABLE `t_user_addr` (
  `id` int(11) NOT NULL,
  `receive_name` varchar(20) CHARACTER SET utf8 COLLATE utf8_general_ci NOT NULL,
  `receive_phone` varchar(11) CHARACTER SET utf8 COLLATE utf8_general_ci NOT NULL,
  `receive_addr` varchar(128) CHARACTER SET utf8 COLLATE utf8_general_ci NOT NULL,
  `postcode` varchar(10) CHARACTER SET utf8 COLLATE utf8_general_ci NOT NULL,
  `create_time` datetime(6) DEFAULT NULL,
  `write_time` datetime(6) DEFAULT NULL,
  `user_id` int(11) NOT NULL
) ENGINE=InnoDB DEFAULT CHARSET=utf8 ROW_FORMAT=DYNAMIC;

--
-- 转存表中的数据 `t_user_addr`
--

INSERT INTO `t_user_addr` (`id`, `receive_name`, `receive_phone`, `receive_addr`, `postcode`, `create_time`, `write_time`, `user_id`) VALUES
(1, '张三风', '13098760982', '深圳市坪山区大东城2期东门', '847213', '2023-06-04 09:28:56.676089', '2023-06-04 14:59:33.448548', 2),
(2, '陈燕君', '15875446550', '深圳技术大学', '111111', NULL, '2023-06-07 14:30:26.985871', 3);

-- --------------------------------------------------------

--
-- 表的结构 `t_user_browse`
--

CREATE TABLE `t_user_browse` (
  `id` int(11) NOT NULL,
  `browse_time` datetime(6) DEFAULT NULL,
  `goods_id` int(11) NOT NULL,
  `user_id` int(11) NOT NULL
) ENGINE=InnoDB DEFAULT CHARSET=utf8 ROW_FORMAT=DYNAMIC;

--
-- 转存表中的数据 `t_user_browse`
--

INSERT INTO `t_user_browse` (`id`, `browse_time`, `goods_id`, `user_id`) VALUES
(1, '2023-06-04 16:10:44.000000', 2, 2),
(2, '2023-06-04 17:31:42.000000', 19, 2),
(3, '2023-06-04 16:35:30.000000', 18, 2),
(4, '2023-06-04 15:10:23.000000', 17, 2),
(5, '2023-06-04 15:34:25.000000', 33, 2),
(6, '2023-06-04 14:06:27.000000', 12, 2),
(7, '2023-06-04 16:27:47.000000', 1, 2),
(8, '2023-06-04 14:20:28.000000', 3, 2),
(9, '2023-06-04 15:05:20.000000', 4, 2),
(10, '2023-06-04 15:44:33.000000', 10, 2),
(11, '2023-06-04 16:33:12.000000', 9, 2),
(12, '2023-06-04 16:33:14.000000', 11, 2),
(13, '2023-06-04 15:47:30.000000', 37, 2),
(14, '2023-06-07 14:28:08.000000', 21, 1),
(15, '2023-06-07 14:28:17.000000', 5, 1),
(16, '2023-06-07 14:28:27.000000', 109, 1),
(17, '2023-06-07 14:28:36.000000', 87, 1),
(18, '2023-06-07 14:28:47.000000', 3, 1),
(19, '2023-06-07 14:30:02.000000', 2, 3),
(20, '2023-06-07 14:30:34.000000', 3, 3),
(21, '2023-06-07 14:30:38.000000', 4, 3),
(22, '2023-06-07 14:30:42.000000', 44, 3),
(23, '2023-06-07 14:30:47.000000', 109, 3),
(24, '2023-06-07 14:31:03.000000', 57, 3),
(25, '2023-06-07 14:31:11.000000', 26, 3),
(26, '2023-06-07 14:31:41.000000', 50, 3),
(27, '2023-06-07 14:32:07.000000', 51, 3),
(28, '2023-06-07 14:32:18.000000', 110, 3),
(29, '2023-06-07 14:39:44.000000', 100, 3),
(30, '2023-06-07 14:39:53.000000', 105, 3);

--
-- 转储表的索引
--

--
-- 表的索引 `auth_group`
--
ALTER TABLE `auth_group`
  ADD PRIMARY KEY (`id`) USING BTREE,
  ADD UNIQUE KEY `name` (`name`) USING BTREE;

--
-- 表的索引 `auth_group_permissions`
--
ALTER TABLE `auth_group_permissions`
  ADD PRIMARY KEY (`id`) USING BTREE,
  ADD UNIQUE KEY `auth_group_permissions_group_id_permission_id_0cd325b0_uniq` (`group_id`,`permission_id`) USING BTREE,
  ADD KEY `auth_group_permissio_permission_id_84c5c92e_fk_auth_perm` (`permission_id`) USING BTREE;

--
-- 表的索引 `auth_permission`
--
ALTER TABLE `auth_permission`
  ADD PRIMARY KEY (`id`) USING BTREE,
  ADD UNIQUE KEY `auth_permission_content_type_id_codename_01ab375a_uniq` (`content_type_id`,`codename`) USING BTREE;

--
-- 表的索引 `auth_user`
--
ALTER TABLE `auth_user`
  ADD PRIMARY KEY (`id`) USING BTREE,
  ADD UNIQUE KEY `username` (`username`) USING BTREE;

--
-- 表的索引 `auth_user_groups`
--
ALTER TABLE `auth_user_groups`
  ADD PRIMARY KEY (`id`) USING BTREE,
  ADD UNIQUE KEY `auth_user_groups_user_id_group_id_94350c0c_uniq` (`user_id`,`group_id`) USING BTREE,
  ADD KEY `auth_user_groups_group_id_97559544_fk_auth_group_id` (`group_id`) USING BTREE;

--
-- 表的索引 `auth_user_user_permissions`
--
ALTER TABLE `auth_user_user_permissions`
  ADD PRIMARY KEY (`id`) USING BTREE,
  ADD UNIQUE KEY `auth_user_user_permissions_user_id_permission_id_14a6b632_uniq` (`user_id`,`permission_id`) USING BTREE,
  ADD KEY `auth_user_user_permi_permission_id_1fbb5f2c_fk_auth_perm` (`permission_id`) USING BTREE;

--
-- 表的索引 `django_admin_log`
--
ALTER TABLE `django_admin_log`
  ADD PRIMARY KEY (`id`) USING BTREE,
  ADD KEY `django_admin_log_content_type_id_c4bce8eb_fk_django_co` (`content_type_id`) USING BTREE,
  ADD KEY `django_admin_log_user_id_c564eba6_fk_auth_user_id` (`user_id`) USING BTREE;

--
-- 表的索引 `django_content_type`
--
ALTER TABLE `django_content_type`
  ADD PRIMARY KEY (`id`) USING BTREE,
  ADD UNIQUE KEY `django_content_type_app_label_model_76bd3d3b_uniq` (`app_label`,`model`) USING BTREE;

--
-- 表的索引 `django_migrations`
--
ALTER TABLE `django_migrations`
  ADD PRIMARY KEY (`id`) USING BTREE;

--
-- 表的索引 `django_session`
--
ALTER TABLE `django_session`
  ADD PRIMARY KEY (`session_key`) USING BTREE,
  ADD KEY `django_session_expire_date_a5c62663` (`expire_date`) USING BTREE;

--
-- 表的索引 `t_goods`
--
ALTER TABLE `t_goods`
  ADD PRIMARY KEY (`id`) USING BTREE;

--
-- 表的索引 `t_order`
--
ALTER TABLE `t_order`
  ADD PRIMARY KEY (`id`) USING BTREE,
  ADD KEY `t_order_user_id_0f395ad8_fk_t_user_id` (`user_id`) USING BTREE;

--
-- 表的索引 `t_order_detail`
--
ALTER TABLE `t_order_detail`
  ADD PRIMARY KEY (`id`) USING BTREE,
  ADD KEY `t_order_detail_goods_id_fedfbafb_fk_t_goods_id` (`goods_id`) USING BTREE,
  ADD KEY `t_order_detail_order_id_5260519c_fk_t_order_id` (`order_id`) USING BTREE;

--
-- 表的索引 `t_user`
--
ALTER TABLE `t_user`
  ADD PRIMARY KEY (`id`) USING BTREE;

--
-- 表的索引 `t_user_addr`
--
ALTER TABLE `t_user_addr`
  ADD PRIMARY KEY (`id`) USING BTREE,
  ADD KEY `t_user_addr_user_id_7768e583_fk_t_user_id` (`user_id`) USING BTREE;

--
-- 表的索引 `t_user_browse`
--
ALTER TABLE `t_user_browse`
  ADD PRIMARY KEY (`id`) USING BTREE,
  ADD KEY `t_user_browse_goods_id_3d6f1e53_fk_t_goods_id` (`goods_id`) USING BTREE,
  ADD KEY `t_user_browse_user_id_af832489_fk_t_user_id` (`user_id`) USING BTREE;

--
-- 在导出的表使用AUTO_INCREMENT
--

--
-- 使用表AUTO_INCREMENT `auth_group`
--
ALTER TABLE `auth_group`
  MODIFY `id` int(11) NOT NULL AUTO_INCREMENT;

--
-- 使用表AUTO_INCREMENT `auth_group_permissions`
--
ALTER TABLE `auth_group_permissions`
  MODIFY `id` int(11) NOT NULL AUTO_INCREMENT;

--
-- 使用表AUTO_INCREMENT `auth_permission`
--
ALTER TABLE `auth_permission`
  MODIFY `id` int(11) NOT NULL AUTO_INCREMENT, AUTO_INCREMENT=49;

--
-- 使用表AUTO_INCREMENT `auth_user`
--
ALTER TABLE `auth_user`
  MODIFY `id` int(11) NOT NULL AUTO_INCREMENT;

--
-- 使用表AUTO_INCREMENT `auth_user_groups`
--
ALTER TABLE `auth_user_groups`
  MODIFY `id` int(11) NOT NULL AUTO_INCREMENT;

--
-- 使用表AUTO_INCREMENT `auth_user_user_permissions`
--
ALTER TABLE `auth_user_user_permissions`
  MODIFY `id` int(11) NOT NULL AUTO_INCREMENT;

--
-- 使用表AUTO_INCREMENT `django_admin_log`
--
ALTER TABLE `django_admin_log`
  MODIFY `id` int(11) NOT NULL AUTO_INCREMENT;

--
-- 使用表AUTO_INCREMENT `django_content_type`
--
ALTER TABLE `django_content_type`
  MODIFY `id` int(11) NOT NULL AUTO_INCREMENT, AUTO_INCREMENT=13;

--
-- 使用表AUTO_INCREMENT `django_migrations`
--
ALTER TABLE `django_migrations`
  MODIFY `id` int(11) NOT NULL AUTO_INCREMENT, AUTO_INCREMENT=21;

--
-- 使用表AUTO_INCREMENT `t_goods`
--
ALTER TABLE `t_goods`
  MODIFY `id` int(11) NOT NULL AUTO_INCREMENT, AUTO_INCREMENT=132;

--
-- 使用表AUTO_INCREMENT `t_order`
--
ALTER TABLE `t_order`
  MODIFY `id` int(11) NOT NULL AUTO_INCREMENT, AUTO_INCREMENT=11;

--
-- 使用表AUTO_INCREMENT `t_order_detail`
--
ALTER TABLE `t_order_detail`
  MODIFY `id` int(11) NOT NULL AUTO_INCREMENT, AUTO_INCREMENT=14;

--
-- 使用表AUTO_INCREMENT `t_user`
--
ALTER TABLE `t_user`
  MODIFY `id` int(11) NOT NULL AUTO_INCREMENT, AUTO_INCREMENT=4;

--
-- 使用表AUTO_INCREMENT `t_user_addr`
--
ALTER TABLE `t_user_addr`
  MODIFY `id` int(11) NOT NULL AUTO_INCREMENT, AUTO_INCREMENT=3;

--
-- 使用表AUTO_INCREMENT `t_user_browse`
--
ALTER TABLE `t_user_browse`
  MODIFY `id` int(11) NOT NULL AUTO_INCREMENT, AUTO_INCREMENT=31;

--
-- 限制导出的表
--

--
-- 限制表 `auth_group_permissions`
--
ALTER TABLE `auth_group_permissions`
  ADD CONSTRAINT `auth_group_permissio_permission_id_84c5c92e_fk_auth_perm` FOREIGN KEY (`permission_id`) REFERENCES `auth_permission` (`id`) ON DELETE RESTRICT ON UPDATE RESTRICT,
  ADD CONSTRAINT `auth_group_permissions_group_id_b120cbf9_fk_auth_group_id` FOREIGN KEY (`group_id`) REFERENCES `auth_group` (`id`) ON DELETE RESTRICT ON UPDATE RESTRICT;

--
-- 限制表 `auth_permission`
--
ALTER TABLE `auth_permission`
  ADD CONSTRAINT `auth_permission_content_type_id_2f476e4b_fk_django_co` FOREIGN KEY (`content_type_id`) REFERENCES `django_content_type` (`id`) ON DELETE RESTRICT ON UPDATE RESTRICT;

--
-- 限制表 `auth_user_groups`
--
ALTER TABLE `auth_user_groups`
  ADD CONSTRAINT `auth_user_groups_group_id_97559544_fk_auth_group_id` FOREIGN KEY (`group_id`) REFERENCES `auth_group` (`id`) ON DELETE RESTRICT ON UPDATE RESTRICT,
  ADD CONSTRAINT `auth_user_groups_user_id_6a12ed8b_fk_auth_user_id` FOREIGN KEY (`user_id`) REFERENCES `auth_user` (`id`) ON DELETE RESTRICT ON UPDATE RESTRICT;

--
-- 限制表 `auth_user_user_permissions`
--
ALTER TABLE `auth_user_user_permissions`
  ADD CONSTRAINT `auth_user_user_permi_permission_id_1fbb5f2c_fk_auth_perm` FOREIGN KEY (`permission_id`) REFERENCES `auth_permission` (`id`) ON DELETE RESTRICT ON UPDATE RESTRICT,
  ADD CONSTRAINT `auth_user_user_permissions_user_id_a95ead1b_fk_auth_user_id` FOREIGN KEY (`user_id`) REFERENCES `auth_user` (`id`) ON DELETE RESTRICT ON UPDATE RESTRICT;

--
-- 限制表 `django_admin_log`
--
ALTER TABLE `django_admin_log`
  ADD CONSTRAINT `django_admin_log_content_type_id_c4bce8eb_fk_django_co` FOREIGN KEY (`content_type_id`) REFERENCES `django_content_type` (`id`) ON DELETE RESTRICT ON UPDATE RESTRICT,
  ADD CONSTRAINT `django_admin_log_user_id_c564eba6_fk_auth_user_id` FOREIGN KEY (`user_id`) REFERENCES `auth_user` (`id`) ON DELETE RESTRICT ON UPDATE RESTRICT;

--
-- 限制表 `t_order`
--
ALTER TABLE `t_order`
  ADD CONSTRAINT `t_order_user_id_0f395ad8_fk_t_user_id` FOREIGN KEY (`user_id`) REFERENCES `t_user` (`id`) ON DELETE RESTRICT ON UPDATE RESTRICT;

--
-- 限制表 `t_order_detail`
--
ALTER TABLE `t_order_detail`
  ADD CONSTRAINT `t_order_detail_goods_id_fedfbafb_fk_t_goods_id` FOREIGN KEY (`goods_id`) REFERENCES `t_goods` (`id`) ON DELETE RESTRICT ON UPDATE RESTRICT,
  ADD CONSTRAINT `t_order_detail_order_id_5260519c_fk_t_order_id` FOREIGN KEY (`order_id`) REFERENCES `t_order` (`id`) ON DELETE RESTRICT ON UPDATE RESTRICT;

--
-- 限制表 `t_user_addr`
--
ALTER TABLE `t_user_addr`
  ADD CONSTRAINT `t_user_addr_user_id_7768e583_fk_t_user_id` FOREIGN KEY (`user_id`) REFERENCES `t_user` (`id`) ON DELETE RESTRICT ON UPDATE RESTRICT;

--
-- 限制表 `t_user_browse`
--
ALTER TABLE `t_user_browse`
  ADD CONSTRAINT `t_user_browse_goods_id_3d6f1e53_fk_t_goods_id` FOREIGN KEY (`goods_id`) REFERENCES `t_goods` (`id`) ON DELETE RESTRICT ON UPDATE RESTRICT,
  ADD CONSTRAINT `t_user_browse_user_id_af832489_fk_t_user_id` FOREIGN KEY (`user_id`) REFERENCES `t_user` (`id`) ON DELETE RESTRICT ON UPDATE RESTRICT;
COMMIT;

/*!40101 SET CHARACTER_SET_CLIENT=@OLD_CHARACTER_SET_CLIENT */;
/*!40101 SET CHARACTER_SET_RESULTS=@OLD_CHARACTER_SET_RESULTS */;
/*!40101 SET COLLATION_CONNECTION=@OLD_COLLATION_CONNECTION */;
